{
  "users": [
    {
      "username": "admin",
      "password": "admin"
    },
    {
      "username": "user",
      "password": "pass"
    },
    {
      "username": "username",
      "password": "password"
    },
    {
      "username": "admin123",
      "password": "heytherepassword"
    },
    {
      "username": "Ashish123",
      "password": "12345678"
    },
    {
      "username": "ashish",
      "password": "000000"
    },
    {
      "username": "abcd",
      "password": "12345"
    },
    {
      "username": "anku1234",
      "password": "7348"
    }
  ]
}